Crop,Farm_Size_Acres,Rainfall_mm,Nitrogen,Phosphorus,Potassium,Temperature,Humidity,Yield_kg_per_hectare
Sugarcane,24.1,1292.0,52,57,96,19.5,59.3,83204.81
Wheat,8.5,954.4,38,49,94,35.6,56.6,2624.04
Chickpea,0.8,1329.4,109,28,80,16.6,83.6,1950.85
Tomato,7.5,1386.0,74,59,37,21.4,52.7,22974.39
Potato,6.9,813.0,88,41,83,35.2,74.4,20971.18
Soybean,5.8,1145.5,90,28,16,29.8,72.5,2125.54
Potato,6.4,1014.9,38,73,79,26.8,52.8,18109.54
Sugarcane,20.2,981.5,74,80,34,35.4,78.2,68233.0
Chickpea,24.8,677.4,94,32,76,17.4,82.0,1991.63
Chickpea,9.7,343.7,31,63,47,19.0,46.6,1123.52
Tomato,16.4,1010.9,40,45,45,28.1,45.2,21684.31
Tomato,12.7,770.3,40,41,37,26.9,65.7,14388.84
Soybean,14.1,554.5,38,30,20,33.8,40.7,1581.14
Rice,0.9,1130.0,69,74,70,23.7,42.3,3290.83
Soybean,17.0,969.7,106,76,64,17.8,67.4,3520.76
Wheat,9.6,1256.2,56,22,45,35.6,54.5,2312.06
Wheat,16.2,402.1,85,21,76,21.4,79.2,3612.15
Tomato,16.2,534.0,59,67,90,22.3,73.8,21309.64
Rice,5.4,1227.7,22,73,66,36.1,40.2,3369.98
Chickpea,23.6,1443.0,95,63,71,34.2,56.6,2425.74
Rice,11.2,1466.9,105,64,69,21.2,43.7,5649.9
Sugarcane,22.9,658.9,31,26,43,37.7,40.1,49056.81
Potato,3.0,1036.9,95,49,94,25.8,66.1,18647.91
Tomato,19.1,815.9,90,40,52,27.7,58.9,25588.26
Soybean,15.7,491.2,97,73,16,27.1,67.0,2458.85
Tomato,22.5,978.9,80,77,93,16.7,41.5,34423.74
Sugarcane,4.9,844.2,29,73,63,15.5,69.7,44902.97
Maize,3.8,1357.4,117,60,73,34.5,71.6,7219.44
Cotton,9.8,663.3,30,15,88,23.5,47.0,1282.48
Banana,9.3,912.6,35,73,77,25.5,75.3,32507.05
Cotton,12.5,762.1,43,24,27,27.5,79.9,1678.97
Cotton,7.4,1030.3,95,66,32,25.0,48.9,1828.95
Banana,8.7,1005.2,77,21,48,31.6,58.3,31217.02
Maize,20.7,715.9,57,62,77,34.2,42.3,5046.59
Tomato,3.6,1313.9,38,31,61,26.4,40.0,18524.37
Rice,2.1,779.2,110,58,67,21.3,42.6,4085.5
Cotton,7.3,1337.4,42,79,35,36.1,70.6,1922.37
Chickpea,0.6,406.8,86,38,35,30.8,75.9,1314.77
Cotton,24.8,387.0,89,62,15,26.1,42.9,1767.64
Tomato,16.2,1203.7,27,26,29,28.2,88.7,18807.04
Banana,22.2,431.0,104,26,55,19.3,44.0,39409.86
Potato,6.1,1280.3,76,21,87,18.1,42.2,18087.64
Sugarcane,15.0,1116.6,20,76,47,35.8,81.5,53612.89
Tomato,14.6,674.7,111,56,52,20.2,72.3,31785.65
Tomato,12.0,1011.7,93,42,67,22.9,69.8,23106.02
Banana,19.3,796.1,113,26,94,33.2,65.7,35060.65
Banana,5.5,673.0,88,25,42,35.7,76.3,22999.97
Chickpea,8.6,484.5,119,66,43,30.7,43.4,2481.09
Wheat,24.3,1240.4,113,61,71,20.9,78.2,4963.92
Potato,21.8,481.7,87,22,66,34.8,89.0,17414.72
Sugarcane,11.5,1005.9,48,47,53,36.4,65.2,51474.18
Cotton,8.3,573.4,100,53,66,36.0,67.0,2257.53
Rice,11.4,833.2,55,21,65,23.3,71.0,2684.07
Potato,24.0,491.3,92,38,16,28.7,67.0,14385.53
Potato,3.1,892.1,109,54,18,30.3,70.0,22359.27
Maize,23.8,1496.1,79,79,64,17.2,89.3,4733.16
Potato,20.2,1145.0,76,64,21,30.8,48.9,17332.68
Sugarcane,18.1,745.1,49,55,49,31.1,44.2,44689.11
Rice,22.4,1100.2,43,71,55,33.1,85.0,3019.67
Rice,0.8,1331.9,117,21,25,22.3,56.9,4114.81
Cotton,22.7,716.4,103,48,71,29.6,70.9,1968.28
Chickpea,1.6,1301.7,32,71,39,34.4,63.2,1320.27
Potato,17.9,1007.9,66,18,44,30.3,81.5,11503.31
Sugarcane,7.6,1113.0,47,53,16,19.7,84.9,41813.31
Chickpea,9.0,1425.2,47,69,20,26.6,74.9,1439.1
Maize,2.3,659.9,98,27,43,37.8,56.8,5093.82
Cotton,24.0,731.0,117,46,62,30.8,57.0,2042.51
Sugarcane,2.2,371.2,82,16,97,15.4,68.6,81661.28
Tomato,1.9,956.1,111,71,76,21.0,78.9,38021.73
Banana,12.8,1133.3,36,42,99,19.5,82.4,26593.45
Potato,21.6,324.6,70,77,73,23.7,82.4,18160.92
Potato,0.7,492.8,64,16,24,26.3,89.3,13172.55
Cotton,22.5,520.4,33,73,83,20.9,69.1,2041.25
Soybean,17.7,479.3,48,54,57,34.7,43.5,2122.04
Rice,14.5,1071.8,73,20,60,20.6,71.9,3744.01
Tomato,22.9,912.5,51,16,34,35.4,45.8,17024.21
Banana,5.9,463.3,20,51,57,37.0,86.2,24633.34
Soybean,14.1,1478.4,77,56,87,34.8,44.4,2808.6
Soybean,19.4,674.0,70,20,44,36.9,52.0,1928.44
Cotton,20.0,1361.7,38,73,62,23.1,49.3,1601.99
Banana,22.3,1133.9,36,15,71,17.6,80.1,28881.44
Wheat,18.0,960.9,43,39,70,31.1,48.4,2722.46
Soybean,18.3,505.1,65,30,81,28.2,64.4,1698.36
Potato,14.4,820.5,118,29,79,25.0,66.8,21595.3
Tomato,2.5,1006.2,60,74,75,18.9,74.5,23843.17
Tomato,1.6,360.4,118,58,45,26.0,78.3,31092.56
Wheat,2.1,1474.9,97,34,80,35.9,64.0,3203.13
Tomato,7.3,1453.7,59,21,99,17.2,65.7,18638.93
Banana,4.5,364.8,90,42,93,21.8,46.4,46549.47
Wheat,3.8,1434.6,27,47,26,21.4,64.4,2267.33
Wheat,18.4,1409.5,87,29,23,24.7,87.7,2424.13
Soybean,17.9,1141.3,106,31,95,31.9,46.4,3108.67
Rice,7.3,1157.3,39,43,31,18.0,61.9,2692.56
Cotton,17.5,423.9,67,39,20,35.7,78.0,1580.81
Sugarcane,8.7,356.4,52,65,40,15.1,89.2,43191.88
Soybean,6.2,1293.8,78,73,60,24.2,69.2,2729.73
Wheat,3.7,385.2,22,35,91,17.1,74.1,2856.28
Maize,12.0,753.7,97,20,35,28.4,87.8,3902.58
Rice,7.0,1310.6,114,50,23,29.3,59.6,3347.52
Maize,20.1,543.6,35,68,77,15.3,42.8,4439.42
Potato,24.2,801.2,70,73,20,23.8,75.0,19460.19
Maize,14.5,1265.0,66,61,22,22.0,54.3,4608.64
Chickpea,7.9,343.4,75,65,40,30.8,70.2,1399.33
Wheat,14.4,712.5,58,63,36,25.4,46.5,2317.08
Cotton,11.1,1300.8,31,52,33,20.9,79.3,1693.17
Potato,23.6,965.8,61,49,34,17.3,65.7,14521.77
Rice,13.6,891.6,96,27,94,36.4,47.4,3876.06
Chickpea,22.7,1153.5,104,63,48,20.1,68.0,2238.49
Cotton,18.1,1454.9,56,73,38,35.4,73.3,1687.73
Wheat,6.0,612.9,45,19,45,16.8,75.3,2363.34
Tomato,12.7,333.6,112,49,62,34.9,78.9,27214.56
Soybean,17.0,899.3,78,66,90,31.4,76.0,3470.06
Potato,23.7,732.6,50,70,62,28.0,89.6,15698.38
Sugarcane,23.3,1013.6,84,63,23,24.9,85.3,50900.63
Cotton,8.9,743.9,88,16,88,22.6,81.9,2250.15
Chickpea,12.9,1277.7,43,66,91,18.3,79.3,1598.94
Sugarcane,10.2,1313.1,43,29,45,15.3,83.5,45289.85
Wheat,9.5,1160.9,35,49,38,23.9,86.7,2275.22
Chickpea,16.4,1000.2,51,35,68,33.8,55.0,1243.33
Chickpea,5.7,1271.5,77,67,43,30.1,62.9,1389.42
Rice,1.2,1074.7,113,30,78,36.6,81.1,5382.73
Cotton,23.3,395.3,113,72,26,36.1,67.8,2211.52
Wheat,9.4,1463.4,55,37,70,35.5,65.3,2724.73
Chickpea,21.2,1080.6,106,78,21,17.6,49.7,2288.19
Rice,17.4,793.1,63,33,43,35.8,63.1,2406.39
Sugarcane,10.3,688.7,44,39,74,15.1,53.9,42635.58
Rice,23.2,1055.2,65,34,71,36.4,43.1,4000.05
Potato,8.5,923.0,25,19,18,36.2,64.2,15499.24
Cotton,2.1,523.6,79,39,30,24.8,70.2,1482.66
Soybean,17.5,448.1,47,65,82,33.5,74.7,2296.91
Cotton,22.8,538.2,45,63,94,23.0,75.5,2113.81
Sugarcane,4.8,1165.0,96,38,88,31.7,82.8,87846.55
Potato,3.6,748.2,98,60,99,30.7,85.5,21520.45
Cotton,16.2,1225.0,76,44,93,19.4,66.1,2412.46
Rice,7.5,1323.4,108,43,60,20.2,51.3,4200.71
Tomato,9.1,341.7,70,26,21,27.7,63.0,18027.67
Sugarcane,15.4,1245.5,35,79,35,34.1,50.0,40050.57
Rice,12.5,487.2,32,60,97,34.4,81.2,3591.02
Tomato,17.1,1058.5,43,26,78,30.3,82.1,17423.59
Chickpea,13.6,609.9,71,76,40,22.5,77.7,1395.93
Wheat,24.5,1457.0,108,34,33,36.9,86.0,3256.03
Maize,19.0,650.4,39,59,86,37.8,82.9,4897.73
Cotton,4.9,1450.0,71,22,63,19.2,84.4,2112.09
Potato,5.7,1087.3,69,46,96,33.2,63.9,23254.9
Maize,21.4,437.7,27,49,65,30.7,64.6,3261.12
Wheat,0.7,1102.8,49,54,30,30.0,56.2,1974.94
Maize,5.9,762.4,71,22,80,33.0,73.2,4186.78
Banana,16.6,763.3,60,50,75,16.0,55.9,32469.07
Cotton,23.5,1091.6,67,26,69,37.5,53.4,1451.01
Potato,8.6,625.9,92,26,88,31.6,69.6,18159.45
Potato,11.5,896.0,43,22,76,33.5,80.6,11314.41
Cotton,11.1,490.0,21,24,94,34.9,64.8,1326.22
Maize,4.2,387.9,45,46,70,35.8,71.0,4182.76
Soybean,16.4,787.2,92,75,42,16.7,61.3,3086.41
Wheat,2.5,1022.3,118,38,31,25.1,59.5,3884.18
Banana,24.0,1134.5,87,75,98,27.5,57.6,51079.18
Wheat,23.5,1121.9,109,54,40,17.7,44.6,4115.88
Potato,8.1,337.1,85,57,38,20.4,47.2,15559.69
Soybean,2.2,1310.6,119,59,77,33.6,53.6,2927.48
Banana,20.1,640.9,20,21,15,18.2,88.4,24718.55
Chickpea,8.1,1098.5,75,78,66,21.8,62.4,1887.11
Chickpea,22.2,406.8,45,64,59,24.8,89.5,1292.59
Potato,1.3,788.0,65,55,43,25.8,41.9,17927.47
Chickpea,14.3,1039.8,79,71,25,17.5,71.7,1696.86
Cotton,14.4,756.2,61,41,21,31.0,69.7,1730.28
Cotton,9.5,432.1,87,35,74,24.5,50.3,1983.26
Maize,21.4,1036.9,87,57,93,24.0,86.1,6183.95
Sugarcane,6.6,1466.8,116,48,52,32.1,55.4,69969.34
Maize,19.9,666.4,35,65,87,36.3,69.5,5333.03
Wheat,20.9,1433.7,53,50,89,25.4,51.3,3762.72
Sugarcane,7.0,931.0,106,36,33,20.2,69.7,64691.82
Cotton,15.3,872.4,47,49,27,20.7,45.2,1237.53
Soybean,11.4,373.4,42,29,76,32.5,63.9,1637.32
Tomato,9.0,644.5,110,67,62,22.7,80.0,25381.82
Cotton,1.4,312.2,58,50,87,25.0,55.2,2461.41
Cotton,18.2,568.1,26,18,33,35.6,83.7,1305.9
Maize,5.5,1336.5,62,65,60,27.2,69.7,4335.22
Soybean,8.8,1113.0,80,15,86,36.6,88.5,1858.98
Soybean,15.4,1433.3,53,61,85,21.9,53.0,2199.01
Sugarcane,5.9,387.0,89,62,21,35.4,54.8,53397.62
Sugarcane,4.4,1104.9,37,19,46,19.5,62.9,43237.61
Sugarcane,5.6,429.3,58,44,99,25.4,69.0,67884.41
Sugarcane,19.6,948.3,23,19,85,33.2,89.4,53557.31
Cotton,14.4,636.7,116,21,34,35.4,72.7,2156.72
Banana,11.2,643.3,79,48,39,37.9,55.1,34004.42
Rice,4.3,943.9,66,21,35,18.7,68.0,3429.84
Sugarcane,10.1,517.4,116,58,35,19.6,46.7,92674.93
Soybean,19.9,311.2,22,32,57,24.2,89.6,1569.73
Rice,6.1,563.4,52,67,74,25.1,76.7,3083.91
Sugarcane,19.7,738.2,21,71,69,18.3,63.9,54153.92
Potato,6.6,1198.1,42,50,97,23.5,42.8,21292.43
Cotton,22.8,1181.7,91,48,77,18.9,41.5,2141.14
Cotton,1.6,948.2,78,23,89,33.6,79.9,2469.9
Rice,2.7,1161.2,40,31,52,16.2,58.7,2793.58
Sugarcane,22.9,610.7,89,74,28,34.1,63.8,71908.3
Banana,8.4,612.5,33,38,48,16.2,58.0,25571.4
Tomato,21.9,828.8,120,75,95,18.4,65.3,39617.84
Cotton,4.3,1018.6,94,58,64,24.1,66.7,2613.41
Tomato,18.3,476.9,51,77,46,29.4,62.6,23456.97
Maize,20.0,419.7,30,26,21,17.7,62.9,3969.66
Wheat,17.6,1479.0,90,68,93,16.1,85.8,5223.22
Maize,11.6,359.4,82,52,19,33.4,86.6,4544.94
Potato,3.0,1465.9,99,47,60,19.1,55.9,24553.92
Maize,12.6,507.2,38,78,64,32.2,52.5,4772.59
Cotton,4.5,732.9,57,34,33,17.6,48.8,1702.64
Chickpea,15.0,1075.3,44,39,15,30.9,80.8,1122.74
Chickpea,7.7,831.4,22,54,79,34.3,65.0,1347.76
Potato,0.8,857.5,41,16,62,29.1,58.9,14397.17
Potato,2.2,1219.3,60,39,72,26.4,71.2,19755.37
Sugarcane,11.0,1089.5,40,55,68,20.4,49.2,64251.12
Banana,8.3,504.6,65,34,17,24.6,84.3,23450.92
Maize,4.0,1025.5,23,62,88,31.7,47.9,4542.35
Maize,2.2,1408.9,118,67,42,16.0,69.6,5914.45
Soybean,10.4,823.1,79,34,97,24.4,81.3,2849.23
Cotton,1.5,752.4,62,48,94,26.8,72.3,2220.07
Maize,5.3,1168.6,48,20,20,21.3,66.7,4554.34
Cotton,2.1,1070.8,42,34,27,36.8,48.6,1284.85
Chickpea,13.0,1394.0,34,62,83,18.5,61.8,1450.26
Banana,24.8,657.5,21,28,89,17.5,56.3,25732.9
Rice,10.0,1486.6,116,32,15,16.0,59.4,3652.5
Tomato,22.9,897.4,101,76,46,34.1,66.0,31602.24
Sugarcane,16.1,638.1,71,54,30,28.7,76.2,48131.2
Cotton,3.2,469.1,75,33,37,16.7,49.2,1502.74
Maize,1.6,495.7,52,42,29,21.5,64.3,3965.45
Soybean,19.4,1140.0,34,26,75,34.8,62.3,2049.99
Sugarcane,14.9,1012.9,98,50,88,30.9,44.8,70315.25
Wheat,3.2,959.5,27,43,70,24.7,41.0,2718.73
Cotton,17.8,374.9,64,40,35,27.4,49.7,1506.45
Maize,0.6,1058.2,61,37,49,20.6,66.5,3572.44
Rice,23.4,963.8,40,68,93,18.9,78.9,4208.11
Rice,2.0,777.7,109,70,35,33.9,77.8,5235.99
Wheat,4.8,967.0,46,79,93,35.5,73.7,4190.35
Wheat,5.8,880.4,115,25,79,22.7,45.7,4184.23
Tomato,22.9,1200.1,118,66,37,24.1,45.2,27762.43
Chickpea,24.1,430.4,29,39,34,30.3,79.6,1122.04
Wheat,18.1,482.8,106,80,43,23.0,49.3,4487.3
Maize,13.4,690.4,117,17,66,36.9,64.1,5484.5
Rice,10.9,1055.0,67,36,15,29.6,86.7,2898.53
Chickpea,6.6,390.1,36,74,92,25.2,60.5,1662.89
Tomato,17.5,722.8,95,68,89,34.6,72.2,31713.67
Chickpea,9.1,897.0,114,17,34,31.1,58.8,1743.22
Sugarcane,13.6,1216.5,98,60,88,34.1,46.9,83741.94
Chickpea,15.6,1011.8,40,58,56,20.1,53.6,1285.46
Rice,19.2,1185.8,37,17,71,21.2,63.8,3203.69
Sugarcane,10.9,1486.2,58,23,71,28.2,59.8,41619.46
Rice,14.1,1014.3,59,78,47,27.9,74.3,4129.57
Chickpea,10.4,390.3,85,39,92,33.4,82.3,1603.34
Banana,6.4,1306.7,86,58,41,24.2,69.1,37299.54
Maize,24.9,651.6,94,18,48,21.7,40.5,4835.7
Tomato,20.3,1351.0,61,36,30,34.2,89.3,15291.71
Cotton,24.0,346.9,71,52,85,28.8,43.1,2572.96
Cotton,7.1,1300.3,65,28,43,15.0,83.9,1629.18
Wheat,21.9,1265.4,62,76,54,30.3,67.0,2892.16
Soybean,18.6,614.3,115,28,85,23.0,89.2,2586.63
Cotton,23.2,836.5,67,16,21,15.0,42.3,1471.03
Sugarcane,19.1,784.0,95,60,97,19.7,85.6,104472.33
Sugarcane,7.7,969.5,118,39,71,37.5,73.2,96540.04
Chickpea,11.1,983.4,84,76,17,30.0,66.5,1380.43
Rice,1.3,1057.2,46,69,62,35.4,46.1,2980.34
Chickpea,7.9,1462.7,36,20,65,26.1,73.3,1549.31
Tomato,22.6,781.0,67,36,53,36.6,58.9,22055.93
Cotton,3.4,1392.2,98,70,76,18.1,86.6,2988.52
Cotton,23.5,517.0,97,16,57,20.4,86.6,2082.05
Chickpea,11.3,335.3,83,54,76,35.7,55.2,1726.35
Potato,9.6,567.4,75,56,36,17.2,81.2,14882.06
Wheat,8.2,886.9,30,32,51,22.7,57.4,2072.04
Soybean,1.9,1189.2,70,31,99,19.3,44.6,2849.93
Banana,6.3,1234.6,38,74,78,18.6,78.6,31653.46
Tomato,18.4,1041.0,91,56,56,27.7,48.5,26575.13
Chickpea,4.7,1310.0,37,55,27,24.3,88.9,1193.8
Potato,15.6,838.4,27,58,21,27.2,71.8,13488.62
Soybean,2.8,837.9,59,49,75,20.3,58.3,1947.06
Cotton,7.8,1348.6,113,52,29,34.2,82.2,1864.48
Soybean,7.9,1266.9,93,73,40,21.0,82.4,2720.5
Rice,8.7,886.0,88,18,43,19.5,66.5,3025.28
Maize,17.4,587.6,102,38,69,36.5,65.6,5886.59
Cotton,20.4,968.2,65,37,76,27.5,49.8,1747.7
Tomato,11.2,679.2,28,55,38,17.8,74.6,17217.68
Wheat,23.2,1174.7,81,80,21,17.3,68.2,2659.49
Sugarcane,17.3,525.6,55,63,78,17.0,64.0,72918.65
Cotton,15.0,777.0,28,54,43,19.8,59.8,1639.25
Soybean,6.8,751.3,75,48,58,16.2,69.4,2347.58
Rice,17.4,434.6,88,58,76,20.2,40.8,5203.31
Potato,4.5,1145.1,89,67,99,27.0,85.2,21388.81
Chickpea,10.1,1183.3,85,53,94,32.3,85.0,2212.12
Banana,14.8,825.6,91,62,77,22.6,75.5,37364.53
Tomato,3.6,922.0,34,21,37,18.3,62.1,18597.48
Tomato,15.4,1376.6,100,24,32,21.9,67.0,22064.45
Banana,22.5,854.5,62,53,48,36.3,80.5,31832.88
Wheat,10.9,1212.7,40,65,81,17.4,49.1,2684.83
Rice,5.6,903.3,116,70,83,17.6,44.1,4735.08
Banana,20.9,395.7,63,16,17,32.0,70.9,29709.04
Soybean,15.9,500.3,33,71,74,28.3,58.5,1754.69
Sugarcane,23.2,1002.2,48,62,26,29.4,72.8,55616.52
Tomato,18.9,1205.5,79,16,100,22.3,46.3,23181.99
Maize,3.5,589.4,94,25,16,20.7,82.9,3358.26
Soybean,24.6,668.8,102,55,59,17.8,76.2,2193.8
Rice,17.4,693.7,88,27,79,31.5,42.1,3627.51
Cotton,7.8,1157.6,46,66,23,35.8,86.6,1782.99
Tomato,12.7,754.9,71,32,71,16.8,74.5,21800.07
Soybean,10.3,594.4,65,45,94,16.4,40.4,2297.54
Potato,24.4,1471.9,75,26,61,29.6,54.6,17624.16
Maize,16.4,1332.9,68,45,89,26.2,49.3,5062.82
Maize,3.0,648.2,70,20,99,18.1,65.4,4544.5
Banana,5.0,333.8,40,68,98,23.7,40.2,39853.44
Chickpea,4.8,398.6,52,47,23,33.8,74.1,1051.4
Maize,15.8,1135.9,61,41,57,27.3,80.9,5129.94
Sugarcane,20.8,351.4,67,30,19,19.3,68.0,39226.95
Banana,24.5,309.9,38,77,68,19.8,46.7,34801.67
Maize,7.0,611.0,54,73,29,27.2,69.0,4373.72
Wheat,23.2,990.4,93,20,68,26.4,53.0,3626.08
Soybean,15.9,1130.5,20,37,37,26.6,78.2,1619.1
Soybean,13.0,1218.3,60,59,29,34.7,51.9,2113.46
Potato,13.7,1371.3,37,77,30,25.4,84.4,11334.02
Sugarcane,20.2,1451.8,35,28,64,34.3,81.0,56303.3
Rice,5.5,1436.5,95,79,81,35.7,65.4,4385.98
Banana,11.4,1196.9,85,43,44,19.9,54.2,30461.79
Rice,20.8,413.2,111,16,92,15.3,85.7,5371.33
Potato,5.2,1291.1,73,17,38,27.5,59.8,13396.69
Cotton,24.3,1408.6,28,36,44,35.6,70.6,1733.84
Potato,11.5,460.7,54,50,23,15.5,75.4,14316.91
Soybean,21.1,626.5,92,42,35,21.2,89.9,1942.66
Tomato,16.3,371.4,81,54,27,37.0,86.2,17514.01
Chickpea,13.8,858.7,95,75,34,32.1,89.1,2162.51
Soybean,10.5,520.0,67,25,78,34.4,79.7,1820.61
Rice,7.0,1368.1,102,42,37,24.6,45.4,4322.59
Rice,1.4,666.6,87,70,27,30.8,50.8,3701.46
Cotton,13.9,838.4,103,36,22,36.5,47.6,1502.5
Soybean,8.7,1250.9,70,68,32,16.6,58.0,2038.64
Tomato,14.8,312.0,79,75,92,22.2,43.0,29841.5
Cotton,8.7,1257.5,21,18,74,20.0,63.1,1363.33
Rice,16.5,506.0,31,28,41,27.4,59.0,2291.98
Tomato,12.1,390.7,69,78,33,19.3,41.2,25461.25
Potato,21.8,1151.9,55,67,29,38.0,45.5,12703.38
Maize,12.1,307.5,52,54,46,24.4,89.2,3453.04
Wheat,19.1,651.8,120,31,38,23.3,44.6,3362.14
Cotton,8.9,557.6,95,49,25,18.3,76.6,2310.95
Rice,14.8,666.1,77,75,38,23.6,41.1,4079.73
Sugarcane,16.2,723.7,32,43,31,25.8,43.9,49466.89
Chickpea,18.1,328.9,106,32,49,36.8,81.4,1649.27
Tomato,9.1,758.7,36,28,28,28.2,45.5,21521.28
Tomato,14.7,1309.9,41,70,84,35.3,89.7,24959.59
Soybean,20.2,1361.9,52,76,86,24.8,83.9,3076.65
Sugarcane,3.6,856.3,27,16,79,27.1,55.6,44906.93
Tomato,18.9,826.0,104,26,87,17.5,41.6,25109.39
Soybean,3.7,824.6,25,21,66,28.1,76.3,1816.66
Wheat,10.1,1454.3,100,31,40,33.1,89.0,2836.26
Chickpea,13.0,624.5,25,79,35,17.7,68.7,1307.25
Potato,7.2,525.0,111,16,36,16.5,48.3,19449.71
Banana,17.3,1191.1,21,60,57,15.0,50.4,22001.29
Rice,1.0,958.3,68,46,52,32.1,89.7,3247.37
Soybean,3.2,305.8,86,26,30,20.8,60.3,1465.04
Soybean,23.9,1320.5,69,34,45,18.2,64.7,2235.61
Soybean,17.0,1434.1,93,73,94,16.0,40.4,3609.92
Potato,7.9,1486.8,30,69,76,38.0,59.4,12975.64
Rice,23.1,1279.1,95,80,50,30.7,52.5,3755.11
Maize,18.2,593.2,77,25,27,27.0,44.3,3240.2
Soybean,14.1,743.3,53,57,79,18.3,68.7,2573.41
Cotton,24.3,526.9,53,16,23,23.3,56.2,1397.75
Sugarcane,10.6,835.8,68,47,51,28.4,75.2,67266.47
Sugarcane,11.3,1159.3,32,22,85,18.2,84.1,55098.44
Cotton,17.8,946.9,31,79,34,36.2,72.6,1587.74
Soybean,23.1,646.8,20,34,65,18.2,66.5,1794.38
Maize,12.7,1126.6,37,74,44,33.2,57.9,4878.78
Sugarcane,8.1,1441.2,48,59,73,15.4,54.7,51259.59
Maize,24.8,972.0,37,57,28,27.6,74.3,4705.55
Cotton,19.8,1469.5,64,17,51,30.3,84.6,1311.29
Rice,2.0,1021.9,48,22,48,24.8,41.2,2347.42
Tomato,6.4,472.0,31,18,26,31.6,77.3,15384.28
Cotton,14.4,1488.2,100,69,23,23.1,46.3,2325.74
Chickpea,23.7,1158.4,21,78,69,25.0,56.3,1660.6
Chickpea,8.1,1170.5,59,37,33,37.5,60.9,1132.04
Chickpea,9.9,1459.7,33,26,57,20.4,58.3,1415.77
Wheat,24.1,671.0,39,48,45,23.0,88.1,2051.59
Sugarcane,13.6,495.8,60,27,31,34.0,73.4,43241.17
Banana,24.7,911.3,73,64,59,36.4,79.2,40609.08
Cotton,7.3,391.9,99,71,67,34.6,62.1,3017.48
Chickpea,19.9,652.1,79,25,99,18.7,43.0,1580.66
Rice,1.4,1470.0,33,80,53,26.5,64.2,2838.88
Cotton,3.6,675.8,54,41,54,16.2,76.3,1882.27
Sugarcane,13.9,1437.0,39,26,58,33.2,61.6,44773.75
Potato,4.5,608.1,120,37,17,37.3,73.0,16955.87
Chickpea,16.2,405.5,35,27,100,31.3,64.7,1189.67
Tomato,2.5,476.1,51,15,100,24.9,55.3,18662.34
Soybean,19.8,900.5,84,37,23,27.1,53.9,2138.85
Tomato,1.1,786.2,53,17,59,34.5,80.8,21819.59
Cotton,2.7,1278.2,67,54,40,30.1,53.9,2006.81
Cotton,6.6,335.2,110,66,21,22.2,77.2,2285.87
Rice,20.7,587.7,38,27,97,35.1,59.3,3725.95
Wheat,4.5,1499.4,45,28,91,25.3,81.4,2900.62
Rice,2.5,1269.1,24,16,41,21.8,86.8,3264.75
Wheat,3.1,1127.8,115,27,90,33.9,78.1,4256.33
Rice,19.6,426.0,100,64,34,32.5,87.0,4392.76
Soybean,24.5,1488.7,112,79,48,17.3,72.4,3494.92
Banana,20.6,694.4,66,16,95,17.8,50.3,29757.38
Wheat,8.8,498.8,35,17,75,36.2,67.9,2705.29
Banana,13.3,304.2,37,74,91,32.5,75.8,32490.04
Sugarcane,3.1,333.0,108,80,29,32.9,63.5,89232.24
Cotton,22.4,1112.2,117,64,47,26.1,78.7,2620.55
Banana,8.8,572.0,77,68,86,34.9,85.0,30920.83
Chickpea,13.9,1108.5,111,61,60,25.7,88.5,1689.51
Cotton,16.5,1103.0,57,39,32,19.9,59.8,1361.05
Maize,10.1,345.7,69,63,85,23.1,62.8,5539.95
Banana,1.0,1261.0,107,60,23,25.0,74.5,30825.79
Potato,17.6,1427.5,38,26,56,16.3,45.8,13761.41
Chickpea,20.7,766.1,20,76,16,20.0,58.2,1563.22
Tomato,19.3,1371.3,40,51,42,31.2,74.7,18882.52
Wheat,14.7,646.3,57,79,23,20.1,40.5,3232.82
Sugarcane,15.2,1271.4,21,55,44,16.1,45.0,59300.6
Sugarcane,12.2,737.7,111,64,52,24.3,79.7,71595.99
Soybean,21.6,579.2,90,26,26,15.1,40.9,1572.55
Chickpea,22.8,804.7,118,34,77,26.6,80.4,2389.31
Maize,8.3,596.1,63,56,29,18.1,78.5,4810.66
Banana,8.6,418.2,49,62,87,26.4,44.9,30961.29
Cotton,9.7,1426.7,25,74,35,20.2,59.2,1338.38
Chickpea,11.2,1185.8,67,50,69,32.8,63.4,1312.24
Maize,11.3,332.8,46,22,79,25.7,58.1,4475.54
Banana,13.5,1069.5,49,76,100,31.6,50.8,36887.95
Chickpea,24.5,936.1,119,38,71,21.8,43.6,1932.23
Potato,17.8,1106.1,69,21,35,27.9,56.6,16054.64
Sugarcane,17.3,783.4,38,72,38,27.8,81.7,61184.55
Banana,10.7,600.8,21,72,98,35.5,74.2,25682.11
Maize,21.6,1147.7,63,41,85,37.2,60.0,4890.13
Cotton,9.3,450.5,87,70,79,34.2,70.4,2455.84
Rice,20.0,920.4,86,65,90,30.6,48.8,5141.84
Potato,19.5,611.6,64,18,82,36.7,70.2,13743.61
Wheat,14.7,1190.6,61,72,69,36.9,78.8,3139.64
Potato,10.6,369.3,80,79,91,35.3,65.0,22589.05
Chickpea,4.4,1320.6,95,18,45,34.1,66.3,1267.41
Cotton,12.2,1332.4,115,31,73,31.8,49.0,2712.04
Cotton,23.6,476.7,33,28,24,34.2,81.5,1683.32
Banana,10.9,444.8,82,28,69,18.8,79.0,26955.18
Tomato,9.6,646.7,90,66,88,27.7,41.6,25807.12
Maize,21.0,1446.4,21,41,89,34.7,49.0,3131.26
Cotton,18.8,1493.9,92,16,27,37.9,84.5,1379.2
Sugarcane,7.1,1294.6,27,69,84,15.6,43.6,57213.07
Rice,23.1,1267.5,30,66,39,25.2,78.9,3359.1
Rice,23.6,649.4,45,41,38,24.5,62.9,2559.79
Chickpea,9.7,568.7,34,71,35,28.0,79.1,1253.64
Wheat,22.9,306.4,48,19,65,32.4,56.3,2027.1
Potato,15.6,1035.3,90,56,28,31.1,50.9,18746.79
Cotton,11.8,489.6,117,78,38,27.4,44.4,3084.32
Maize,20.6,566.7,103,21,53,37.4,68.2,4947.34
Cotton,20.8,1162.2,77,65,97,22.6,48.6,2965.46
Tomato,16.3,727.1,46,77,48,29.3,71.3,19328.14
Banana,18.2,906.8,89,70,53,33.8,60.9,37077.33
Potato,19.0,1315.8,22,36,20,27.5,73.3,17010.91
Soybean,24.0,1313.3,96,20,36,19.3,43.9,1906.63
Chickpea,22.1,585.8,24,50,48,27.5,85.7,1339.57
Cotton,22.5,718.2,44,46,41,19.0,87.9,1401.56
Maize,1.5,1271.5,103,57,59,34.6,43.0,6438.31
Wheat,24.7,640.4,111,19,43,34.7,69.0,3672.65
Tomato,7.5,1240.0,99,39,46,19.4,48.1,27491.05
Sugarcane,23.0,1010.5,36,15,83,15.6,68.2,55526.24
Wheat,3.5,1298.0,120,49,49,17.1,84.0,3196.19
Potato,18.9,771.4,98,32,22,17.7,52.1,16198.74
Wheat,2.3,851.7,95,62,50,18.7,85.3,3482.51
Soybean,19.5,621.8,31,41,72,22.9,89.3,1477.01
Cotton,4.9,835.6,109,44,27,26.1,51.6,1999.64
Sugarcane,21.4,628.9,60,34,100,34.6,71.5,62876.76
Sugarcane,3.0,1386.8,109,18,94,24.8,62.4,88386.56
Rice,0.6,1011.7,104,49,55,35.1,53.5,3685.65
Maize,2.0,1129.3,62,60,16,22.3,53.5,4327.05
Cotton,3.0,1067.8,58,45,100,34.4,65.9,2093.62
Soybean,11.8,467.6,79,31,62,30.9,52.6,1825.55
Maize,12.8,583.5,52,56,84,33.2,69.5,5581.56
Rice,7.9,951.3,83,20,70,26.3,59.1,3641.45
Wheat,22.1,1209.1,95,70,60,17.2,83.6,4713.32
Cotton,8.8,1159.7,105,52,70,21.3,84.2,2347.01
Tomato,19.7,731.1,87,39,84,19.0,78.7,28545.87
Banana,3.8,1246.2,22,80,49,24.2,46.3,26044.12
Cotton,9.4,1408.8,119,55,62,16.8,69.3,2276.71
Cotton,4.7,1343.5,21,28,83,19.2,76.5,1691.94
Sugarcane,4.6,1359.5,58,72,37,27.7,49.4,63849.85
Cotton,16.3,408.8,41,35,46,36.2,44.4,1626.82
Cotton,15.1,1245.7,97,68,65,18.9,74.7,2022.99
Sugarcane,10.3,614.7,63,21,89,23.3,49.7,48308.27
Chickpea,16.4,322.5,49,24,21,32.0,44.2,1132.52
Potato,19.2,946.5,42,32,35,21.9,63.2,11747.11
Soybean,5.9,1322.6,108,20,68,37.2,86.6,2149.16
Banana,16.6,684.4,55,66,29,36.2,77.4,29641.71
Rice,12.1,823.1,36,65,51,20.0,66.3,3437.61
Rice,0.9,690.7,79,37,40,21.2,44.5,3662.63
Cotton,21.5,1108.0,46,40,67,17.6,72.1,1835.77
Chickpea,7.4,411.8,75,53,32,36.6,75.8,1391.59
Chickpea,22.5,645.2,115,40,73,19.1,63.5,2470.91
Tomato,9.4,1441.2,116,19,69,34.7,50.4,23736.79
Chickpea,4.9,1469.6,55,69,23,25.9,82.9,1077.79
Tomato,11.3,1497.6,83,39,37,21.9,49.1,23939.84
Chickpea,14.2,834.4,54,49,24,32.7,48.4,1160.33
Sugarcane,19.6,1255.4,84,64,88,20.9,68.5,98908.52
Cotton,9.3,652.1,88,62,43,23.7,78.1,2071.36
Soybean,1.5,1125.9,42,40,81,25.0,75.3,1571.09
Rice,24.5,303.9,63,44,79,35.1,71.3,3338.6
Chickpea,4.8,769.0,55,45,56,32.9,70.2,1581.35
Rice,14.7,564.4,88,24,48,30.5,42.5,3310.39
Sugarcane,18.6,652.3,78,79,81,21.0,50.6,65185.81
Sugarcane,2.5,1202.9,103,59,68,20.9,60.7,80117.52
Sugarcane,19.0,785.0,120,23,62,30.2,84.1,61681.76
Potato,20.5,1195.9,93,19,22,18.4,63.8,15742.42
Soybean,21.2,313.3,86,54,57,15.9,62.7,2849.6
Tomato,9.9,648.1,50,61,67,32.3,61.4,19853.03
Rice,6.1,597.6,54,69,90,26.7,50.6,3874.31
Banana,16.8,326.7,71,75,30,27.6,46.8,33864.55
Sugarcane,10.6,1329.1,93,50,25,29.1,78.6,59906.26
Tomato,11.1,561.6,117,57,91,33.6,42.3,32884.4
Wheat,14.5,545.2,107,36,80,31.0,83.4,3983.49
Banana,24.7,328.9,60,56,17,34.4,71.8,25895.29
Cotton,20.8,1133.4,27,48,97,34.7,61.1,1902.95
Maize,13.9,781.8,112,71,18,24.4,50.3,6615.15
Maize,10.4,495.4,106,16,75,19.4,80.5,5813.83
Tomato,21.1,396.1,92,35,77,17.8,47.7,28061.76
Wheat,19.4,580.1,31,73,15,27.3,81.1,2299.53
Chickpea,4.7,1004.8,40,18,41,31.5,69.6,1397.51
Wheat,24.3,404.5,118,45,56,22.0,89.5,4148.87
Rice,3.3,730.6,92,68,72,15.6,59.0,3966.27
Soybean,8.8,946.3,44,15,62,20.9,70.4,1527.89
Chickpea,6.2,1395.0,115,50,99,33.1,80.6,2597.74
Maize,11.9,946.5,73,75,79,34.8,40.3,6429.67
Chickpea,16.8,1113.4,63,21,28,23.7,82.5,1508.37
Soybean,23.1,1089.8,103,80,26,22.6,50.0,2612.22
Rice,3.3,365.3,96,34,67,29.5,42.1,4694.86
Wheat,1.3,1054.9,24,23,73,18.7,47.5,2142.58
Sugarcane,14.0,1081.5,118,52,53,34.4,56.3,96481.23
Rice,11.7,919.6,104,58,87,19.2,72.3,5271.85
Maize,2.3,947.8,74,29,91,35.3,59.2,4378.98
Banana,10.5,458.9,91,19,82,18.1,40.8,36058.19
Banana,1.9,1208.9,42,68,39,30.5,84.1,22693.74
Wheat,8.5,1013.8,100,38,97,20.8,89.9,4452.5
Banana,22.5,397.5,21,52,99,36.4,47.1,23441.07
Potato,5.8,1016.0,94,26,34,37.0,62.9,14486.02
Cotton,14.0,619.5,77,66,22,20.7,58.8,2053.84
Rice,3.7,1205.1,51,63,55,18.1,78.2,3540.49
Rice,9.1,566.8,117,69,47,26.5,44.0,4848.23
Banana,19.8,1234.7,55,17,46,35.1,81.4,22598.55
Tomato,13.9,442.6,111,72,78,20.7,58.5,39035.28
Sugarcane,10.6,1498.9,36,44,69,15.9,60.2,49422.22
Soybean,24.3,789.3,94,24,31,23.6,55.5,2255.72
Cotton,3.8,360.6,52,38,92,27.1,49.2,2316.51
Soybean,15.7,313.3,73,65,24,37.2,87.4,2108.5
Sugarcane,4.8,1371.0,68,34,90,36.0,70.2,79090.1
Tomato,6.6,684.7,90,76,66,27.8,63.2,28715.51
Soybean,5.1,1399.6,75,16,53,17.8,52.7,1589.26
Tomato,23.7,1269.0,97,46,27,22.5,70.2,24620.7
Soybean,2.6,1489.3,71,16,18,15.1,43.3,1634.27
Banana,23.3,476.2,98,23,54,32.0,73.1,36875.62
Chickpea,18.4,976.8,47,53,30,15.4,65.8,1333.97
Potato,4.2,1062.7,89,75,31,15.8,70.6,19173.38
Potato,20.9,760.5,40,32,52,35.9,56.5,17308.61
Cotton,1.9,519.2,63,44,18,28.1,64.2,1527.65
Soybean,23.6,422.8,53,66,31,36.1,68.4,2226.75
Tomato,23.1,1474.8,24,62,66,27.3,84.0,14670.75
Potato,6.5,1422.3,77,67,67,17.3,66.3,21448.94
Banana,4.2,1217.4,113,52,15,22.1,79.8,30635.79
Chickpea,3.5,496.0,48,24,99,19.5,73.0,1359.03
Sugarcane,2.9,362.2,82,78,40,29.8,43.7,84960.88
Potato,2.0,802.9,116,37,20,18.4,56.7,19592.58
Soybean,15.1,385.2,45,76,39,19.8,42.0,1751.67
Cotton,20.4,1322.1,59,50,72,21.6,70.4,2177.46
Banana,11.1,832.7,88,68,31,32.8,55.8,26919.22
Rice,17.4,864.5,61,24,92,16.6,63.6,2758.22
Tomato,21.4,1470.0,31,76,45,37.1,48.3,18238.43
Potato,2.4,722.0,44,47,19,28.9,43.7,16207.15
Tomato,0.5,715.6,114,25,27,22.4,81.8,20048.63
Soybean,10.1,738.9,97,29,65,16.1,64.6,2423.38
Rice,7.5,1005.4,21,54,55,35.5,45.9,2588.13
Rice,24.9,598.4,120,34,37,16.9,67.0,4381.49
Soybean,9.9,1222.7,118,20,45,26.8,85.8,2488.85
Sugarcane,17.3,634.4,108,17,99,25.2,67.0,67719.47
Potato,4.4,1137.4,31,63,51,30.9,75.5,12501.87
Wheat,18.2,711.1,73,31,40,16.3,49.5,3139.72
Chickpea,7.0,324.8,84,21,70,26.2,65.3,1932.8
Tomato,12.3,1462.6,96,36,20,37.5,75.8,21089.72
Soybean,2.8,1306.9,108,51,43,16.8,50.0,3022.44
Cotton,20.4,754.3,32,57,83,21.3,56.9,1414.29
Cotton,20.1,589.2,104,30,29,28.7,60.2,1738.6
Banana,20.1,1106.7,40,33,17,22.2,70.0,24785.98
Rice,12.2,1442.4,66,50,52,26.0,74.9,3763.57
Tomato,17.1,1114.7,37,40,25,25.2,43.2,17074.41
Maize,20.7,986.8,113,46,88,21.3,83.8,6835.23
Sugarcane,24.9,458.7,72,38,46,22.5,77.9,52335.02
Rice,9.4,1471.5,37,64,24,32.0,55.1,2403.47
Banana,20.4,1388.7,20,42,64,26.9,42.4,29832.59
Rice,10.1,349.8,70,45,70,34.1,58.5,3064.89
Tomato,22.2,405.3,101,69,49,34.3,71.2,28817.42
Rice,21.6,1004.0,95,30,36,16.4,77.0,3592.16
Cotton,9.4,328.0,53,58,35,30.8,78.4,1553.99
Potato,14.4,1135.3,66,44,29,28.2,81.2,17305.81
Rice,1.7,1159.9,75,20,32,34.8,63.2,3395.71
Banana,23.4,1093.9,52,49,95,28.6,46.9,30193.93
Tomato,24.1,637.8,56,57,43,26.8,46.2,15108.61
Tomato,3.5,957.6,69,59,95,23.1,50.6,31598.04
Chickpea,19.2,777.8,71,35,36,28.7,74.3,1108.32
Banana,15.6,362.8,109,67,63,15.3,88.5,40629.91
Sugarcane,21.1,671.5,74,18,72,15.2,62.4,61589.64
Sugarcane,22.6,787.3,36,40,60,33.4,43.1,50312.49
Rice,2.2,1445.9,107,15,23,25.1,74.0,3362.46
Maize,10.9,1270.8,60,69,21,23.0,62.0,3317.22
Cotton,4.9,662.7,46,46,90,22.5,62.1,1710.62
Sugarcane,24.2,1178.3,66,42,27,30.6,56.0,59904.27
Banana,14.8,683.2,78,30,88,36.5,44.0,36275.14
Tomato,16.1,937.8,75,53,66,28.4,61.5,22871.92
Maize,14.1,533.8,61,78,48,29.4,68.0,4780.58
Rice,9.7,862.4,118,38,46,37.9,74.7,4887.64
Maize,13.8,593.2,20,27,87,19.3,41.3,3703.49
Banana,6.4,527.6,38,76,42,33.1,46.7,26678.47
Sugarcane,7.6,347.9,91,32,56,20.5,48.2,61396.57
Banana,9.7,1331.4,103,38,48,18.8,63.7,30369.11
Cotton,6.0,941.9,63,33,20,18.1,74.3,1247.03
Maize,6.7,1489.9,28,69,93,19.3,78.1,4129.27
Chickpea,7.7,554.9,58,78,99,16.6,69.5,1701.46
Soybean,0.7,1107.2,62,56,25,22.5,53.4,1672.81
Sugarcane,1.9,1411.2,61,70,87,30.9,71.1,63690.97
Wheat,3.5,304.5,70,51,46,19.9,47.7,3277.7
Sugarcane,24.8,1169.6,39,31,78,25.3,63.3,43692.73
Maize,10.6,1171.2,109,19,65,24.2,54.9,5487.69
Banana,0.6,970.2,26,45,63,33.3,56.8,23052.94
Soybean,12.8,665.1,100,51,25,31.7,41.9,2271.59
Chickpea,18.3,458.7,83,49,17,30.5,83.4,1380.52
Potato,12.9,813.6,73,32,62,28.1,40.1,19953.49
Cotton,0.8,348.0,110,66,39,33.5,73.1,2279.3
Sugarcane,22.1,1254.6,72,24,51,28.2,53.4,54775.87
Soybean,5.6,927.3,47,77,88,34.3,75.4,2875.8
Soybean,19.8,609.2,110,79,69,15.8,77.0,3788.37
Potato,0.8,638.5,109,41,33,33.9,78.8,18732.95
Wheat,3.6,1194.4,95,47,63,17.3,45.0,3987.97
Soybean,17.7,1356.6,103,24,99,34.9,45.2,3004.52
Tomato,23.4,573.6,22,15,24,19.2,62.5,19837.84
Cotton,3.9,531.7,95,53,78,21.9,81.3,2959.32
Cotton,8.9,1158.2,115,79,77,16.5,65.7,2933.03
Cotton,22.8,454.5,77,76,22,22.6,67.3,2235.43
Maize,10.0,359.4,109,24,40,31.1,52.8,5373.91
Sugarcane,8.0,1197.1,93,49,65,15.6,74.0,73677.04
Banana,15.8,980.8,69,39,84,20.6,40.2,34810.75
Banana,4.3,774.0,35,21,84,16.4,84.0,24199.42
Sugarcane,10.3,308.9,73,56,60,35.7,76.6,70910.25
Sugarcane,23.8,696.7,105,66,56,22.5,77.9,94305.1
Potato,2.9,1459.3,52,75,70,21.3,40.3,17891.69
Banana,8.8,1244.3,73,31,52,30.7,57.9,26688.22
Potato,6.8,427.8,42,47,53,21.0,78.5,14908.99
Banana,23.4,305.9,45,40,82,24.4,66.7,27070.96
Tomato,19.5,1303.8,80,20,23,25.4,87.9,17214.65
Rice,22.1,658.0,54,34,42,26.8,60.6,2458.43
Potato,18.4,948.7,114,43,18,37.6,78.8,16889.49
Maize,5.7,1101.6,21,70,96,16.5,70.4,4885.5
Soybean,22.0,461.9,54,58,34,27.8,45.5,1692.41
Soybean,7.1,315.8,60,20,74,19.7,77.7,1808.24
Banana,7.8,911.3,21,56,78,29.7,87.7,25917.73
Rice,22.3,1001.4,100,20,32,30.1,61.6,2782.74
Soybean,6.6,476.6,25,44,26,23.1,66.5,2167.78
Cotton,8.6,636.4,22,74,39,34.4,47.7,1389.56
Soybean,18.7,1098.0,80,51,83,25.0,58.1,2486.74
Maize,16.6,380.0,74,49,81,31.6,50.1,5526.84
Cotton,21.1,684.0,102,65,80,33.5,53.8,2799.78
Cotton,6.5,1219.7,41,69,18,31.9,58.0,1612.2
Soybean,19.0,498.9,73,76,52,36.3,50.5,2854.14
Banana,5.2,303.0,71,38,90,19.9,88.3,40468.82
Maize,9.6,1478.1,87,26,74,27.4,47.5,5857.8
Sugarcane,20.7,1286.0,92,54,68,29.3,69.7,59493.02
Sugarcane,23.2,582.7,78,33,43,30.0,46.0,58379.57
Soybean,1.2,481.8,41,44,75,30.6,68.7,1518.64
Sugarcane,8.3,627.3,111,72,22,30.4,67.6,84540.08
Banana,14.7,1143.9,29,71,68,26.4,55.7,28435.73
Maize,24.7,1354.2,89,20,72,32.2,63.1,4120.74
Soybean,2.1,892.9,27,53,62,26.7,70.4,1960.86
Sugarcane,4.6,1292.1,46,79,48,27.7,62.2,50421.35
Rice,21.6,1451.4,107,76,66,16.8,51.9,4780.53
Maize,4.9,1422.8,120,18,95,34.5,76.9,6732.5
Tomato,2.9,1414.1,102,64,98,33.0,44.9,36563.23
Rice,16.4,886.1,71,64,91,15.8,45.9,4299.72
Cotton,5.9,1235.2,95,33,64,27.7,84.7,1899.57
Tomato,16.7,1319.4,104,53,92,35.7,86.1,27632.42
Potato,1.6,889.0,78,80,93,24.5,65.9,26789.6
Wheat,24.9,529.2,65,72,16,33.4,62.1,2968.15
Cotton,21.1,1089.8,47,27,56,22.6,71.6,1704.17
Potato,11.3,1386.1,65,31,97,17.2,63.9,19717.01
Wheat,13.2,1153.1,55,48,20,22.2,89.1,2552.48
Maize,24.3,673.6,59,76,21,30.0,75.1,4714.8
Wheat,24.5,1251.9,26,40,66,27.3,62.2,2317.54
Sugarcane,20.6,1231.7,97,24,19,28.4,61.9,61663.63
Soybean,11.4,364.1,38,44,96,37.4,80.2,2211.2
Potato,10.9,650.3,72,75,88,33.6,41.2,25365.21
Wheat,20.6,807.9,74,53,17,16.5,50.9,2177.37
Potato,12.3,1210.1,84,41,30,23.2,87.2,15132.37
Cotton,15.2,1144.0,38,71,44,17.4,59.7,1642.91
Wheat,17.9,464.0,31,57,86,23.5,75.3,2590.62
Cotton,24.9,572.1,42,53,26,23.6,89.6,1490.38
Tomato,9.0,1186.6,88,46,89,25.0,59.5,33146.61
Wheat,7.8,1253.7,80,47,64,19.1,46.1,3703.67
Soybean,9.2,640.1,30,77,49,32.0,86.2,1910.88
Sugarcane,2.1,303.5,21,35,36,16.8,73.2,48118.99
Tomato,2.3,1301.0,56,27,44,33.1,55.0,16153.48
Banana,10.0,1367.2,110,47,86,19.7,64.3,42050.13
Rice,18.5,454.2,112,31,83,24.3,73.2,5636.6
Wheat,19.4,334.4,39,69,96,23.0,86.6,2647.31
Soybean,9.9,1283.0,34,39,68,23.7,63.0,1872.33
Sugarcane,24.8,796.6,29,15,32,37.9,77.3,59381.72
Chickpea,4.8,1440.2,24,32,31,18.1,74.9,1132.84
Soybean,14.9,347.5,46,71,69,27.7,84.6,2199.64
Soybean,18.6,412.5,77,24,56,18.4,55.2,2282.84
Maize,7.2,332.3,41,42,46,32.9,57.5,3873.35
Sugarcane,22.7,821.1,59,32,63,33.7,45.5,50676.55
Banana,18.9,755.5,28,60,97,23.8,70.6,27712.46
Soybean,19.1,1067.2,82,71,63,34.6,53.1,2194.45
Soybean,1.6,559.6,90,56,15,37.4,77.1,1945.2
Maize,18.4,1474.5,120,49,51,36.3,52.8,6417.82
Banana,3.9,940.1,88,44,88,15.0,63.4,33979.4
Wheat,2.1,1410.2,55,63,25,23.6,64.1,2599.74
Wheat,4.1,411.4,53,73,82,26.9,69.5,3190.59
Maize,3.8,1125.8,57,16,89,22.4,52.2,4364.54
Sugarcane,10.9,916.6,26,62,79,16.2,45.0,58682.48
Banana,24.1,402.9,46,25,56,17.1,43.2,22122.96
Banana,13.6,505.0,33,16,77,33.4,43.9,24628.59
Rice,15.6,786.5,87,55,69,21.9,56.5,4132.24
Rice,10.5,957.5,20,33,69,33.9,72.8,2547.93
Maize,9.6,615.9,110,40,16,24.3,42.6,4241.42
Cotton,24.0,818.1,62,57,17,30.5,85.8,1327.71
Chickpea,18.7,415.0,120,34,18,24.3,64.0,1384.22
Maize,6.8,1186.2,92,33,17,17.2,83.0,4033.32
Wheat,5.5,1188.2,38,31,32,34.6,53.9,1994.74
Potato,6.2,1472.8,36,38,100,19.1,58.6,13757.52
Rice,2.8,1095.9,98,20,24,17.6,50.4,3115.2
Wheat,6.0,421.2,49,37,61,19.2,58.9,3032.58
Wheat,4.4,1179.5,52,57,67,30.6,56.7,2602.63
Cotton,12.8,658.1,58,71,69,33.2,48.7,2177.51
Sugarcane,11.0,621.1,115,21,89,36.9,52.4,89875.09
Banana,15.8,1340.4,51,50,99,28.2,71.8,31320.76
Soybean,12.1,578.5,71,26,57,30.8,89.9,2363.91
Sugarcane,9.6,699.0,28,49,77,32.6,59.5,42677.42
Wheat,21.9,913.1,99,68,68,21.9,53.3,4632.01
Potato,5.9,785.2,94,62,35,21.6,62.1,23756.51
Chickpea,23.1,772.6,112,55,100,20.4,50.4,2483.33
Sugarcane,3.6,1060.5,118,58,46,18.5,50.1,94852.43
Sugarcane,12.6,1010.9,58,28,58,25.9,47.8,49291.55
Sugarcane,23.8,1193.9,90,43,56,21.2,87.0,61033.9
Tomato,8.5,1198.9,51,18,67,33.1,59.7,18239.9
Chickpea,14.4,1008.3,50,24,68,17.2,83.0,1390.05
Tomato,2.5,772.4,120,80,98,19.5,63.1,26427.44
Rice,12.7,549.9,36,63,22,25.8,48.3,3285.92
Rice,23.6,628.6,98,69,76,37.1,85.2,3821.19
Cotton,10.0,630.1,46,30,31,37.5,89.0,1507.97
Wheat,15.0,657.4,118,71,65,19.2,72.1,5179.89
Soybean,24.8,1059.4,69,52,59,32.3,50.3,2538.61
Soybean,3.2,466.4,94,53,16,20.0,81.0,1911.45
Maize,24.8,431.8,102,67,64,31.5,68.4,5285.3
Sugarcane,11.6,1106.7,72,43,42,22.6,70.0,44242.97
Sugarcane,3.1,719.9,118,18,29,24.2,75.9,64699.63
Chickpea,18.4,340.7,116,25,39,20.2,53.6,1555.88
Banana,23.0,803.1,81,41,50,27.3,45.0,24492.39
Soybean,13.9,1129.6,31,22,24,34.9,64.7,1570.5
Maize,24.9,1390.5,31,28,66,15.2,54.1,4213.84
Soybean,16.7,399.6,23,21,54,30.1,86.1,2103.74
Rice,4.2,974.2,73,68,30,24.3,67.2,2728.55
Maize,22.0,1022.7,51,52,33,17.8,82.3,3427.49
Tomato,22.4,1421.4,58,48,34,37.9,50.5,15555.17
Sugarcane,2.0,873.7,105,27,77,34.3,86.4,61843.77
Tomato,9.9,395.8,120,76,27,34.7,84.2,32569.41
Maize,5.5,462.3,110,27,89,30.7,86.3,7229.18
Cotton,7.9,856.7,20,35,81,27.8,72.8,1432.5
Maize,3.7,940.3,100,53,55,18.1,64.2,6335.59
Soybean,5.7,823.4,85,62,77,23.8,83.0,2391.0
Maize,6.4,1246.3,30,19,96,26.5,70.7,3272.65
Sugarcane,3.5,993.1,56,36,46,29.8,45.9,45461.29
Rice,2.4,585.0,62,42,57,16.2,69.8,3098.73
Cotton,10.0,787.8,52,59,58,18.8,56.2,2004.48
Banana,18.6,1372.1,20,32,96,23.4,64.3,28516.2
Banana,14.8,1016.7,98,50,81,27.1,85.5,38922.79
Soybean,7.4,984.3,96,43,22,15.7,45.3,2575.9
Potato,11.1,717.4,104,66,41,23.4,78.9,19652.83
Cotton,21.4,521.1,101,26,73,18.6,60.2,2516.41
Potato,10.4,331.1,68,16,75,15.5,42.1,14517.67
Chickpea,3.2,567.0,68,80,97,37.0,61.0,1819.17
Rice,19.8,914.3,119,28,15,15.1,71.9,4030.09
Sugarcane,13.8,370.8,54,27,77,18.1,47.0,53447.89
Cotton,5.2,1164.1,35,59,99,18.7,51.5,2023.3
Cotton,4.8,486.0,21,50,75,22.5,47.8,1365.48
Soybean,15.0,656.6,20,49,26,15.9,77.6,1611.03
Soybean,20.2,573.8,120,28,29,36.5,57.4,1891.07
Potato,5.3,1460.6,76,33,36,32.6,66.5,12542.33
Rice,19.9,824.0,35,61,77,27.8,42.0,3614.06
Tomato,6.4,453.2,89,17,24,15.5,55.0,18898.72
Potato,6.4,392.6,62,31,80,32.5,44.8,18178.73
Chickpea,12.0,792.0,78,51,95,18.0,41.8,1616.63
Tomato,17.0,1411.6,48,17,64,20.1,57.2,21728.04
Tomato,16.2,1461.7,106,44,74,27.8,78.7,30576.39
Maize,5.9,1092.8,112,71,47,36.4,85.2,7372.1
Sugarcane,15.1,316.5,62,56,59,36.0,79.2,63247.03
Chickpea,17.6,325.0,117,50,38,28.2,76.8,2212.35
Soybean,24.1,979.7,26,53,60,35.6,66.0,2030.79
Sugarcane,0.9,380.0,26,64,57,24.7,52.0,49174.25
Chickpea,9.6,1372.4,30,66,55,18.3,60.7,1533.29
Sugarcane,16.8,382.9,95,22,32,23.2,71.8,55848.37
Wheat,12.2,778.2,98,35,96,29.1,59.9,3615.75
Banana,19.5,898.7,43,56,16,27.2,73.8,22250.28
Cotton,22.6,508.9,58,80,15,32.6,53.7,1632.11
Cotton,8.0,1164.2,63,46,65,28.8,56.4,1750.53
Banana,7.4,1448.0,23,64,37,34.2,68.2,23776.53
Cotton,7.3,742.7,27,45,42,20.1,47.2,1782.82
Soybean,7.6,517.5,48,25,56,29.7,86.1,1509.7
Sugarcane,6.0,635.4,37,70,65,19.2,84.1,59599.93
Maize,11.3,419.1,57,35,91,18.2,46.6,4456.3
Sugarcane,11.9,1413.1,42,30,60,30.7,69.5,59041.63
Sugarcane,15.3,869.8,20,65,43,37.7,81.0,55771.11
Wheat,3.5,576.8,40,79,20,21.9,79.0,2865.51
Rice,5.0,354.1,32,21,28,28.3,72.1,2506.67
Soybean,6.0,1025.0,30,22,15,16.3,41.1,1958.13
Potato,11.0,752.1,43,58,63,31.5,73.9,17043.67
Maize,13.1,742.2,96,54,15,31.7,69.0,5013.86
Cotton,6.1,642.8,119,59,42,18.1,51.7,3018.9
Banana,11.9,1238.2,118,24,51,22.6,54.5,39389.65
Wheat,11.4,1238.8,35,52,60,19.5,70.7,2965.96
Maize,16.9,1468.8,74,68,69,22.8,57.2,6090.92
Sugarcane,2.1,331.8,93,35,85,17.0,75.0,69138.75
Tomato,1.8,1094.6,112,22,34,18.0,43.5,18727.38
Banana,15.8,1115.7,76,18,64,29.5,63.9,27291.28
Potato,6.5,481.4,107,77,30,27.4,69.3,17809.63
Cotton,9.8,1062.9,112,51,97,26.8,60.7,3392.78
Maize,2.5,1315.0,97,54,39,15.5,41.4,5952.96
Banana,20.8,1227.5,51,34,46,31.2,43.7,21178.79
Sugarcane,8.9,1090.4,84,63,63,29.1,46.3,72502.17
Tomato,18.0,423.9,104,40,78,24.5,68.5,32919.51
Potato,22.4,1403.2,37,20,27,17.3,53.7,16686.03
Sugarcane,20.2,496.4,74,65,52,19.2,62.3,74848.67
Wheat,21.9,742.6,38,77,38,37.8,55.8,2374.27
Wheat,12.5,1301.3,106,65,55,36.4,59.3,3963.78
Sugarcane,6.9,829.5,57,69,35,18.8,80.7,57239.48
Potato,20.8,326.0,72,32,55,15.1,60.7,13463.46
Soybean,10.8,759.7,62,29,33,33.8,42.7,1732.09
Cotton,18.9,1351.0,111,78,37,28.7,51.6,2340.38
Rice,15.5,1001.2,47,47,49,34.9,43.6,2965.17
Chickpea,11.2,1239.1,67,15,38,18.4,49.8,1514.32
Banana,14.0,1328.4,109,15,51,35.9,88.6,35674.16
Banana,21.5,464.3,34,52,98,16.2,41.2,26474.9
Soybean,13.5,412.3,77,33,46,19.4,72.3,2328.66
Rice,23.2,1138.5,54,55,23,31.5,59.7,2744.25
Banana,0.8,536.6,100,43,100,18.2,83.1,51430.73
Tomato,10.9,305.2,28,32,34,15.6,87.5,14385.96
Tomato,7.7,1401.7,36,64,47,32.8,83.5,15602.88
Wheat,10.9,841.6,93,63,17,36.8,65.5,3740.32
Tomato,15.3,898.5,114,25,41,23.8,82.6,25413.78
Chickpea,15.4,643.2,75,32,18,27.9,58.5,1245.75
Soybean,18.0,362.4,44,33,48,29.3,78.2,1473.7
Soybean,23.3,749.0,103,15,24,17.5,56.6,1844.28
Banana,9.0,1379.6,111,22,84,35.2,50.8,39462.65
Tomato,14.6,1208.8,114,19,51,20.9,43.4,22045.33
Chickpea,6.4,718.3,69,80,58,16.7,50.7,1683.05
Tomato,16.0,423.6,85,42,76,22.1,56.0,25468.77
Wheat,1.5,1067.0,33,66,81,36.4,59.1,2868.78
Banana,21.1,841.0,53,19,26,37.1,70.4,21306.31
Banana,19.9,1088.5,71,41,76,31.1,61.8,26924.52
Tomato,23.2,809.2,86,69,29,17.0,68.6,26704.19
Sugarcane,11.2,995.0,111,40,99,19.6,60.7,87341.62
Rice,18.1,1337.8,62,41,62,19.4,57.8,3318.46
Soybean,9.0,692.6,110,34,84,23.5,58.2,2574.08
Wheat,14.7,1011.9,117,80,35,21.5,59.4,4458.31
Maize,12.0,1232.1,81,57,86,16.0,74.1,6169.31
Chickpea,23.3,813.3,82,41,15,33.7,78.8,1024.05
Tomato,8.9,489.1,79,37,76,32.3,61.5,24611.13
Wheat,6.7,383.6,67,22,36,22.4,83.7,2368.6
Chickpea,10.9,1461.9,20,74,39,36.7,40.4,1527.43
Banana,3.6,1166.5,21,73,43,27.8,75.8,21440.26
Banana,19.9,863.0,115,29,30,35.2,65.1,27489.54
Cotton,17.5,876.9,84,64,40,15.0,70.1,1637.16
Maize,4.1,357.7,38,50,33,19.4,73.8,3926.95
Rice,9.0,1090.4,108,72,75,17.2,71.0,6073.9
Sugarcane,23.4,1113.4,94,75,28,23.7,75.5,68193.54
Sugarcane,10.4,846.3,57,20,92,29.0,74.1,58419.51
Wheat,5.3,1234.8,22,17,93,31.4,47.6,2992.13
Chickpea,23.7,1483.7,68,61,40,32.9,71.2,1819.73
Cotton,3.6,405.9,29,48,46,37.6,75.2,1549.85
Potato,17.5,873.9,51,68,21,32.5,56.7,16168.12
Soybean,3.3,1389.4,62,19,27,16.0,59.8,2052.68
Cotton,10.8,336.9,24,32,66,23.0,68.6,1376.79
Chickpea,21.2,1391.7,96,73,86,36.1,50.2,2088.67
Tomato,12.8,548.4,82,26,91,19.3,54.2,23796.86
Soybean,2.7,602.6,51,79,67,37.7,59.4,2126.93
Wheat,20.4,327.5,46,26,78,30.9,80.9,2438.96
Potato,4.1,922.1,59,65,83,22.7,82.9,20720.77
Cotton,24.7,897.7,36,52,15,15.9,41.7,1842.24
Cotton,1.0,769.3,26,26,53,30.3,58.8,1244.11
Maize,14.9,971.4,63,50,41,33.9,64.8,3512.62
Wheat,18.4,1354.9,109,40,45,22.4,61.0,3783.07
Wheat,9.8,1155.3,45,16,26,35.9,42.8,2001.58
Rice,13.4,1014.2,50,23,85,25.2,45.7,2400.21
Chickpea,21.4,938.0,25,37,82,29.8,87.4,1198.47
Chickpea,2.1,952.5,96,38,94,30.7,71.1,1812.27
Chickpea,17.8,1060.0,73,69,26,20.6,60.9,1300.74
Rice,13.0,1272.9,37,32,96,24.9,43.3,3598.97
Soybean,7.9,850.6,109,47,73,34.5,83.6,3440.18
Wheat,2.3,1293.9,31,19,59,30.7,87.3,2703.46
Wheat,0.7,1035.4,83,40,92,25.3,65.2,4515.16
Maize,14.2,1484.9,115,54,32,30.3,70.3,5717.4
Sugarcane,18.5,727.2,23,28,66,33.7,61.4,54416.24
Maize,13.0,874.5,36,42,67,36.3,61.6,3991.23
Potato,1.1,1174.5,70,35,73,36.3,48.6,15039.81
Sugarcane,11.1,832.6,108,80,16,28.1,74.4,72100.5
Sugarcane,2.6,774.2,61,36,38,27.7,72.0,54105.32
Tomato,24.2,300.8,57,45,55,28.0,45.3,17830.49
Soybean,12.2,857.8,75,56,92,34.2,59.0,2155.53
Wheat,22.8,743.2,114,18,55,15.7,43.6,3779.2
Chickpea,3.6,829.0,119,64,57,26.1,69.1,2280.93
Cotton,15.0,1438.8,65,65,59,33.4,66.7,1983.57
Maize,21.1,670.0,74,20,22,35.1,58.1,3155.51
Soybean,5.0,623.7,110,38,81,36.8,68.1,3415.85
Potato,16.2,1490.9,100,44,97,15.4,47.1,20887.26
Maize,3.0,1352.6,63,16,23,29.8,59.6,4163.79
Banana,7.2,985.9,22,66,99,29.8,57.2,36377.99
Cotton,6.1,526.8,97,41,30,29.6,40.8,1654.01
Rice,0.8,1442.7,101,40,17,36.6,80.6,3789.98
Sugarcane,16.5,808.2,53,72,61,20.5,87.3,69082.69
Chickpea,24.9,1136.7,61,78,26,33.6,78.1,1340.05
Soybean,9.5,789.6,119,78,47,16.1,59.0,3666.74
Wheat,9.4,664.7,67,43,47,22.6,43.3,2612.98
Sugarcane,22.5,1470.2,104,68,60,36.3,65.7,87985.26
Chickpea,12.9,1243.9,91,44,99,36.6,57.7,2133.28
Sugarcane,15.9,1325.6,83,42,70,37.5,81.5,68998.61
Wheat,4.3,1332.8,78,75,61,27.1,40.2,3702.79
Soybean,7.6,490.9,103,67,93,27.9,72.8,3478.71
Chickpea,6.5,1470.5,75,58,83,15.7,41.2,2093.07
Chickpea,8.3,371.5,112,19,91,19.0,53.5,2017.71
Rice,1.8,536.5,42,40,87,16.1,63.4,2830.56
Banana,22.7,1313.4,95,55,49,29.6,86.1,38064.48
Rice,6.4,1410.5,28,68,32,22.7,89.6,2378.52
Rice,17.1,1127.0,101,15,53,37.8,41.2,3068.65
Tomato,2.8,551.7,49,23,32,35.9,69.8,20077.76
Wheat,20.7,1200.7,99,57,39,16.8,76.1,4129.79
Maize,4.0,1088.2,93,18,50,37.9,48.3,4349.6
Banana,20.5,478.8,75,63,38,33.5,57.2,33507.36
Tomato,9.4,568.1,44,59,59,21.7,87.7,17353.62
Sugarcane,24.4,1257.8,100,25,89,20.3,44.7,75274.89
Chickpea,8.9,729.0,116,43,73,31.1,86.2,2063.04
Banana,5.1,1314.2,73,73,40,20.7,52.5,26595.41
Cotton,21.2,1101.4,80,62,69,31.5,78.1,2546.11
Sugarcane,6.8,421.8,116,69,18,26.8,66.3,74676.73
Banana,10.1,316.9,99,22,69,28.1,44.2,39287.56
Wheat,1.0,1312.9,99,58,24,25.0,64.7,2653.68
Potato,1.3,695.9,98,33,31,36.0,75.2,16492.96
Wheat,17.1,419.9,42,42,50,33.0,81.4,2545.44
Tomato,13.5,346.2,84,59,26,30.1,72.5,17428.86
Potato,15.4,590.7,58,61,20,34.8,47.2,12306.94
Wheat,3.1,606.4,80,61,62,25.2,63.3,3696.04
Maize,3.2,697.5,95,18,51,29.5,49.7,3866.3
Wheat,16.3,598.5,98,62,43,36.1,44.2,2888.66
Cotton,16.8,1002.3,81,30,97,17.5,40.8,1919.22
Soybean,3.3,1107.8,79,31,64,35.8,88.0,2498.45
Banana,5.7,494.1,34,69,33,30.8,44.2,20190.67
Tomato,12.5,1284.1,39,35,27,28.7,52.3,18466.7
Maize,19.8,831.2,106,73,70,32.9,45.7,5442.86
Cotton,14.3,1118.9,82,15,71,29.8,57.3,1966.37
Soybean,21.1,397.2,45,22,47,21.3,42.6,2036.98
Cotton,0.6,1231.3,68,46,86,26.4,70.6,2517.58
Chickpea,16.1,1356.6,41,55,79,24.2,78.1,1195.28
Rice,7.2,1025.5,112,41,49,24.4,74.5,4536.69
Chickpea,15.8,943.8,112,33,45,33.1,67.1,1478.94
Maize,22.3,1296.1,105,31,72,19.0,42.4,6516.32
Maize,6.5,637.0,27,27,84,22.1,47.4,3250.72
Tomato,16.6,502.9,50,37,19,32.7,77.0,19395.49
Maize,22.1,1106.5,86,30,96,24.5,60.8,4561.36
Tomato,14.4,1101.1,31,76,46,32.0,70.0,17668.62
Tomato,15.0,667.5,82,69,76,19.2,42.1,26135.88
Maize,6.8,1160.7,119,21,75,36.0,62.8,5973.84
Chickpea,14.2,1345.6,23,56,28,19.1,62.9,1307.99
Maize,19.2,1358.6,94,25,94,21.1,72.1,5545.12
Potato,10.8,867.1,98,65,59,22.8,81.1,23356.96
Banana,11.0,393.9,76,72,29,30.8,73.8,31115.25
Cotton,21.2,588.6,65,66,28,18.1,60.1,1998.35
Banana,13.8,1427.9,67,61,78,19.8,44.9,35791.65
Tomato,12.2,643.8,25,36,32,20.0,72.8,19649.43
Chickpea,16.8,1453.7,58,53,65,35.4,48.8,1493.17
Wheat,0.5,1441.7,34,24,73,24.6,44.8,2288.75
Maize,9.7,654.6,49,29,91,24.1,66.6,4323.46
Sugarcane,6.9,332.7,52,64,55,23.7,88.8,55052.17
Tomato,22.6,1412.4,47,63,85,27.9,88.1,18087.51
Chickpea,13.8,883.7,97,44,66,31.8,74.5,1542.46
Potato,14.6,517.3,38,29,99,29.8,64.1,12648.73
Potato,15.2,636.2,25,48,21,23.7,86.8,12114.47
Maize,2.5,842.0,36,80,35,21.5,46.2,3413.64
Maize,13.6,835.6,94,66,98,16.2,81.4,6483.09
Banana,13.4,1174.9,113,47,88,26.0,54.2,46125.25
Soybean,15.2,678.9,37,28,77,17.9,54.0,2072.26
Potato,24.7,727.1,114,27,85,29.3,73.1,28233.79
Rice,11.1,891.0,100,55,67,34.8,44.7,4305.23
Maize,4.6,853.2,66,60,72,33.8,77.2,5906.44
Maize,10.8,666.1,72,42,77,36.0,65.4,4256.52
Wheat,13.4,1127.7,95,21,65,27.2,87.4,3553.55
Maize,19.2,1071.6,21,78,24,24.8,64.7,3406.62
Cotton,3.3,566.2,108,39,68,36.2,80.1,2151.06
Banana,15.5,932.3,54,19,20,22.1,70.1,20220.51
Banana,17.0,1021.7,115,52,62,26.9,56.6,36138.45
Sugarcane,22.6,1284.4,50,30,34,26.1,53.9,55352.02
Soybean,16.0,474.6,61,58,28,25.1,53.6,2106.84
Cotton,8.4,1356.7,28,47,78,35.0,84.9,1858.89
Maize,20.6,1489.7,110,39,66,33.7,46.1,6192.56
Wheat,14.5,613.3,53,27,41,31.6,67.7,2310.97
Maize,8.2,561.2,26,46,16,35.6,80.0,4115.72
Tomato,16.7,705.2,99,20,98,28.5,74.8,25115.2
Soybean,13.7,462.7,55,19,86,37.7,70.6,2273.39
Maize,11.8,1063.3,44,57,98,36.8,86.3,4977.71
Tomato,2.1,1352.8,47,75,39,36.5,62.6,19216.26
Cotton,3.5,1088.2,110,52,16,31.2,49.0,1739.98
